<?xml version="1.0" encoding="UTF-8"?>
<mxfile host="app.diagrams.net" agent="Mozilla/5.0 (Windows NT 10.0; Win64; x64; rv:142.0) Gecko/20100101 Firefox/142.0" version="28.1.2">
  <diagram name="Page-1" id="z72UNWPpx1xiC386D3dK">
    <mxGraphModel dx="1042" dy="659" grid="1" gridSize="10" guides="1" tooltips="1" connect="1" arrows="1" fold="1" page="1" pageScale="1" pageWidth="850" pageHeight="1100" math="0" shadow="0">
      <root>
        <mxCell id="0" />
        <mxCell id="1" parent="0" />
        <mxCell id="Ek0jLO929kcpMpHdRdyi-1" value="&lt;div&gt;&lt;font style=&quot;font-size: 14px;&quot;&gt;&lt;b&gt;main&lt;/b&gt;&lt;/font&gt;&lt;/div&gt;&lt;div&gt;(rolled out codebase branch)&amp;nbsp;&lt;/div&gt;" style="rounded=0;whiteSpace=wrap;html=1;" parent="1" vertex="1">
          <mxGeometry x="320" y="20" width="160" height="60" as="geometry" />
        </mxCell>
        <mxCell id="aQNrAyDLPse5TK4bDJJ0-1" value="&lt;div&gt;&lt;font style=&quot;font-size: 14px;&quot;&gt;&lt;b&gt;develop&lt;/b&gt;&lt;/font&gt;&lt;/div&gt;&lt;div&gt;(development collector branch)&amp;nbsp;&lt;/div&gt;" style="rounded=0;whiteSpace=wrap;html=1;" parent="1" vertex="1">
          <mxGeometry x="320" y="120" width="160" height="60" as="geometry" />
        </mxCell>
        <mxCell id="aQNrAyDLPse5TK4bDJJ0-3" value="&lt;div&gt;&lt;font style=&quot;font-size: 14px;&quot;&gt;&lt;b&gt;developer_a&lt;/b&gt;&lt;/font&gt;&lt;/div&gt;&lt;div&gt;(developer level collector branch)&amp;nbsp;&lt;/div&gt;" style="rounded=0;whiteSpace=wrap;html=1;" parent="1" vertex="1">
          <mxGeometry x="120" y="220" width="160" height="60" as="geometry" />
        </mxCell>
        <mxCell id="aQNrAyDLPse5TK4bDJJ0-4" value="&lt;div&gt;&lt;font style=&quot;font-size: 14px;&quot;&gt;&lt;b&gt;developer_b&lt;/b&gt;&lt;/font&gt;&lt;/div&gt;&lt;div&gt;(developer level collector branch)&amp;nbsp;&lt;/div&gt;" style="rounded=0;whiteSpace=wrap;html=1;" parent="1" vertex="1">
          <mxGeometry x="320" y="220" width="160" height="60" as="geometry" />
        </mxCell>
        <mxCell id="aQNrAyDLPse5TK4bDJJ0-8" value="&lt;div&gt;&lt;font style=&quot;font-size: 14px;&quot;&gt;&lt;b&gt;developer_...&lt;/b&gt;&lt;/font&gt;&lt;/div&gt;&lt;div&gt;(--//--)&amp;nbsp;&lt;/div&gt;" style="rounded=0;whiteSpace=wrap;html=1;" parent="1" vertex="1">
          <mxGeometry x="520" y="220" width="160" height="60" as="geometry" />
        </mxCell>
        <mxCell id="aQNrAyDLPse5TK4bDJJ0-10" value="&lt;div&gt;&lt;b&gt;feature&lt;/b&gt;&lt;/div&gt;&lt;div&gt;(developed feature, &lt;u&gt;DONE&lt;/u&gt;)&amp;nbsp;&lt;/div&gt;" style="rounded=0;whiteSpace=wrap;html=1;fillColor=#d5e8d4;strokeColor=#82b366;" parent="1" vertex="1">
          <mxGeometry x="50" y="330" width="70" height="130" as="geometry" />
        </mxCell>
        <mxCell id="aQNrAyDLPse5TK4bDJJ0-14" value="&lt;div&gt;&lt;b&gt;feature&lt;/b&gt;&lt;/div&gt;&lt;div&gt;(developed feature, &lt;u&gt;ONGOING&lt;/u&gt;)&amp;nbsp;&lt;/div&gt;" style="rounded=0;whiteSpace=wrap;html=1;fillColor=#dae8fc;strokeColor=#6c8ebf;" parent="1" vertex="1">
          <mxGeometry x="280" y="330" width="70" height="130" as="geometry" />
        </mxCell>
        <mxCell id="aQNrAyDLPse5TK4bDJJ0-16" value="&lt;div&gt;&lt;b&gt;feature&lt;/b&gt;&lt;/div&gt;&lt;div&gt;(developed feature, &lt;u&gt;ONGOING&lt;/u&gt;)&amp;nbsp;&lt;/div&gt;" style="rounded=0;whiteSpace=wrap;html=1;fillColor=#dae8fc;strokeColor=#6c8ebf;" parent="1" vertex="1">
          <mxGeometry x="165" y="330" width="70" height="130" as="geometry" />
        </mxCell>
        <mxCell id="aQNrAyDLPse5TK4bDJJ0-19" value="&lt;font style=&quot;font-size: 14px;&quot;&gt;&lt;b&gt;...&lt;/b&gt;&lt;/font&gt;" style="rounded=0;whiteSpace=wrap;html=1;dashed=1;" parent="1" vertex="1">
          <mxGeometry x="400" y="370" width="120" height="30" as="geometry" />
        </mxCell>
        <mxCell id="aQNrAyDLPse5TK4bDJJ0-33" value="" style="endArrow=classic;html=1;rounded=0;exitX=0.063;exitY=1;exitDx=0;exitDy=0;entryX=0.25;entryY=0;entryDx=0;entryDy=0;edgeStyle=orthogonalEdgeStyle;curved=1;exitPerimeter=0;" parent="1" source="aQNrAyDLPse5TK4bDJJ0-3" target="aQNrAyDLPse5TK4bDJJ0-10" edge="1">
          <mxGeometry width="50" height="50" relative="1" as="geometry">
            <mxPoint x="250" y="300" as="sourcePoint" />
            <mxPoint x="300" y="250" as="targetPoint" />
          </mxGeometry>
        </mxCell>
        <mxCell id="aQNrAyDLPse5TK4bDJJ0-36" value="" style="endArrow=classic;html=1;rounded=0;exitX=0.75;exitY=0;exitDx=0;exitDy=0;entryX=0.25;entryY=1;entryDx=0;entryDy=0;edgeStyle=orthogonalEdgeStyle;curved=1;" parent="1" source="aQNrAyDLPse5TK4bDJJ0-10" target="aQNrAyDLPse5TK4bDJJ0-3" edge="1">
          <mxGeometry width="50" height="50" relative="1" as="geometry">
            <mxPoint x="80" y="180" as="sourcePoint" />
            <mxPoint x="130" y="130" as="targetPoint" />
          </mxGeometry>
        </mxCell>
        <mxCell id="aQNrAyDLPse5TK4bDJJ0-39" value="" style="endArrow=classic;html=1;rounded=0;exitX=0.5;exitY=1;exitDx=0;exitDy=0;entryX=0.25;entryY=0;entryDx=0;entryDy=0;edgeStyle=orthogonalEdgeStyle;curved=1;" parent="1" source="aQNrAyDLPse5TK4bDJJ0-3" target="aQNrAyDLPse5TK4bDJJ0-16" edge="1">
          <mxGeometry width="50" height="50" relative="1" as="geometry">
            <mxPoint x="240" y="330" as="sourcePoint" />
            <mxPoint x="290" y="280" as="targetPoint" />
          </mxGeometry>
        </mxCell>
        <mxCell id="aQNrAyDLPse5TK4bDJJ0-42" value="" style="endArrow=classic;html=1;rounded=0;exitX=0.75;exitY=1;exitDx=0;exitDy=0;entryX=0.25;entryY=0;entryDx=0;entryDy=0;edgeStyle=orthogonalEdgeStyle;curved=1;" parent="1" source="aQNrAyDLPse5TK4bDJJ0-3" target="aQNrAyDLPse5TK4bDJJ0-14" edge="1">
          <mxGeometry width="50" height="50" relative="1" as="geometry">
            <mxPoint x="250" y="300" as="sourcePoint" />
            <mxPoint x="300" y="250" as="targetPoint" />
          </mxGeometry>
        </mxCell>
        <mxCell id="aQNrAyDLPse5TK4bDJJ0-44" value="" style="endArrow=classic;html=1;rounded=0;exitX=0.5;exitY=0;exitDx=0;exitDy=0;entryX=0.25;entryY=1;entryDx=0;entryDy=0;" parent="1" source="aQNrAyDLPse5TK4bDJJ0-3" target="aQNrAyDLPse5TK4bDJJ0-1" edge="1">
          <mxGeometry width="50" height="50" relative="1" as="geometry">
            <mxPoint x="300" y="310" as="sourcePoint" />
            <mxPoint x="350" y="260" as="targetPoint" />
          </mxGeometry>
        </mxCell>
        <mxCell id="aQNrAyDLPse5TK4bDJJ0-45" value="" style="endArrow=classic;html=1;rounded=0;exitX=0.5;exitY=0;exitDx=0;exitDy=0;entryX=0.5;entryY=1;entryDx=0;entryDy=0;" parent="1" source="aQNrAyDLPse5TK4bDJJ0-4" target="aQNrAyDLPse5TK4bDJJ0-1" edge="1">
          <mxGeometry width="50" height="50" relative="1" as="geometry">
            <mxPoint x="400" y="210" as="sourcePoint" />
            <mxPoint x="450" y="160" as="targetPoint" />
          </mxGeometry>
        </mxCell>
        <mxCell id="aQNrAyDLPse5TK4bDJJ0-46" value="" style="endArrow=classic;html=1;rounded=0;exitX=0.5;exitY=0;exitDx=0;exitDy=0;entryX=0.5;entryY=1;entryDx=0;entryDy=0;" parent="1" source="aQNrAyDLPse5TK4bDJJ0-1" target="Ek0jLO929kcpMpHdRdyi-1" edge="1">
          <mxGeometry width="50" height="50" relative="1" as="geometry">
            <mxPoint x="90" y="170" as="sourcePoint" />
            <mxPoint x="140" y="120" as="targetPoint" />
          </mxGeometry>
        </mxCell>
        <mxCell id="aQNrAyDLPse5TK4bDJJ0-47" value="" style="endArrow=classic;html=1;rounded=0;entryX=0.75;entryY=1;entryDx=0;entryDy=0;exitX=0.5;exitY=0;exitDx=0;exitDy=0;" parent="1" source="aQNrAyDLPse5TK4bDJJ0-8" target="aQNrAyDLPse5TK4bDJJ0-1" edge="1">
          <mxGeometry width="50" height="50" relative="1" as="geometry">
            <mxPoint x="600" y="160" as="sourcePoint" />
            <mxPoint x="650" y="110" as="targetPoint" />
          </mxGeometry>
        </mxCell>
        <mxCell id="aQNrAyDLPse5TK4bDJJ0-50" value="" style="endArrow=none;html=1;rounded=0;dashed=1;dashPattern=8 8;" parent="1" edge="1">
          <mxGeometry width="50" height="50" relative="1" as="geometry">
            <mxPoint x="50" y="100" as="sourcePoint" />
            <mxPoint x="760" y="100" as="targetPoint" />
          </mxGeometry>
        </mxCell>
        <mxCell id="aQNrAyDLPse5TK4bDJJ0-51" value="" style="endArrow=none;html=1;rounded=0;dashed=1;dashPattern=8 8;" parent="1" edge="1">
          <mxGeometry width="50" height="50" relative="1" as="geometry">
            <mxPoint x="50" y="200" as="sourcePoint" />
            <mxPoint x="760" y="200" as="targetPoint" />
          </mxGeometry>
        </mxCell>
        <mxCell id="aQNrAyDLPse5TK4bDJJ0-52" value="" style="endArrow=none;html=1;rounded=0;dashed=1;dashPattern=8 8;" parent="1" edge="1">
          <mxGeometry width="50" height="50" relative="1" as="geometry">
            <mxPoint x="50" y="300" as="sourcePoint" />
            <mxPoint x="760" y="300" as="targetPoint" />
          </mxGeometry>
        </mxCell>
        <mxCell id="aQNrAyDLPse5TK4bDJJ0-53" value="&lt;div align=&quot;left&quot;&gt;&lt;b&gt;&lt;font style=&quot;font-size: 13px;&quot;&gt;Level 0:&lt;/font&gt;&lt;/b&gt; The branch that has the live version. It can only be changed by merging the tested and finalized code from the develop.&lt;/div&gt;" style="text;html=1;align=left;verticalAlign=middle;whiteSpace=wrap;rounded=0;" parent="1" vertex="1">
          <mxGeometry x="720" y="20" width="260" height="60" as="geometry" />
        </mxCell>
        <mxCell id="aQNrAyDLPse5TK4bDJJ0-55" value="&lt;div align=&quot;left&quot;&gt;&lt;b&gt;&lt;font style=&quot;font-size: 13px;&quot;&gt;Level 1:&lt;/font&gt;&lt;/b&gt; The branch that collects the developments of all individual developers. System testing is done here before merging the novelties into the main.&amp;nbsp;&lt;/div&gt;" style="text;html=1;align=left;verticalAlign=middle;whiteSpace=wrap;rounded=0;" parent="1" vertex="1">
          <mxGeometry x="720" y="120" width="270" height="60" as="geometry" />
        </mxCell>
        <mxCell id="aQNrAyDLPse5TK4bDJJ0-56" value="&lt;div align=&quot;left&quot;&gt;&lt;b&gt;&lt;font style=&quot;font-size: 13px;&quot;&gt;Level 2:&lt;/font&gt;&lt;/b&gt;&amp;nbsp;Individual developer branches. They collect the new feature developments of the developers. Module level testing is done here before merging into the develop&lt;/div&gt;" style="text;html=1;align=left;verticalAlign=middle;whiteSpace=wrap;rounded=0;" parent="1" vertex="1">
          <mxGeometry x="720" y="220" width="270" height="60" as="geometry" />
        </mxCell>
        <mxCell id="aQNrAyDLPse5TK4bDJJ0-57" value="&lt;div align=&quot;left&quot;&gt;&lt;b&gt;&lt;font style=&quot;font-size: 13px;&quot;&gt;Level 3:&lt;/font&gt;&lt;/b&gt;&amp;nbsp;Individual feature branches. For every functionally separate feature a new branch is opened. When the novelty is done and tested, the branch is merged into the developer branch and the feature branch is closed.&amp;nbsp;&lt;/div&gt;&lt;div align=&quot;left&quot;&gt;If an already developed feature requires a major update, a new feature branch is opened from the developer branch.&lt;/div&gt;&lt;div align=&quot;left&quot;&gt;If possible, there should be only one open feature branch at the same time&lt;/div&gt;" style="text;html=1;align=left;verticalAlign=middle;whiteSpace=wrap;rounded=0;" parent="1" vertex="1">
          <mxGeometry x="720" y="320" width="270" height="160" as="geometry" />
        </mxCell>
      </root>
    </mxGraphModel>
  </diagram>
</mxfile>
